{
  "speed": {
    "duration": 29.017133951187134,
    "throughput": 5.307209190923545,
    "latency_ms": 188.4229477349814
  },
  "efficiency": {
    "total_requests": 14,
    "requests_per_msg": 0.09090909090909091,
    "total_tokens": 6046.5
  },
  "accuracy": {
    "accuracy": 22.08,
    "recall": 66.0,
    "precision": 90.44,
    "total_picks_expected": 553,
    "total_picks_found": 620,
    "total_missed": 188,
    "total_false_positives": 255
  }
}