{
  "config": {
    "model": "tngtech/deepseek-r1t2-chimera:free",
    "use_vision_ocr": true,
    "images_tested": 10
  },
  "metrics": {
    "precision": 0.9117647058823529,
    "recall": 0.9117647058823529,
    "f1": 0.9117647058823528,
    "total_tp": 31,
    "total_fp": 3,
    "total_fn": 3,
    "avg_latency": 3.526033878326416
  },
  "per_image": {
    "image_01.jpg": {
      "expected": 4,
      "extracted": 4,
      "tp": 2,
      "fp": 2,
      "fn": 2,
      "latency": 4.372590780258179
    },
    "image_02.jpg": {
      "expected": 1,
      "extracted": 1,
      "tp": 1,
      "fp": 0,
      "fn": 0,
      "latency": 2.5573766231536865
    },
    "image_03.jpg": {
      "expected": 3,
      "extracted": 3,
      "tp": 3,
      "fp": 0,
      "fn": 0,
      "latency": 1.5011000633239746
    },
    "image_04.jpg": {
      "expected": 7,
      "extracted": 7,
      "tp": 7,
      "fp": 0,
      "fn": 0,
      "latency": 2.4271132946014404
    },
    "image_05.jpg": {
      "expected": 6,
      "extracted": 6,
      "tp": 6,
      "fp": 0,
      "fn": 0,
      "latency": 5.237782001495361
    },
    "image_06.jpg": {
      "expected": 4,
      "extracted": 4,
      "tp": 4,
      "fp": 0,
      "fn": 0,
      "latency": 4.097789525985718
    },
    "image_07.jpg": {
      "expected": 3,
      "extracted": 3,
      "tp": 3,
      "fp": 0,
      "fn": 0,
      "latency": 3.8674848079681396
    },
    "image_08.jpg": {
      "expected": 1,
      "extracted": 1,
      "tp": 0,
      "fp": 1,
      "fn": 1,
      "latency": 3.851857900619507
    },
    "image_09.jpg": {
      "expected": 1,
      "extracted": 1,
      "tp": 1,
      "fp": 0,
      "fn": 0,
      "latency": 3.259467124938965
    },
    "image_10.jpg": {
      "expected": 4,
      "extracted": 4,
      "tp": 4,
      "fp": 0,
      "fn": 0,
      "latency": 4.0877766609191895
    }
  }
}