{
  "config": {
    "model": "tngtech/deepseek-r1t2-chimera:free",
    "use_vision_ocr": true,
    "images_tested": 10
  },
  "metrics": {
    "precision": 0.9117647058823529,
    "recall": 0.9117647058823529,
    "f1": 0.9117647058823528,
    "total_tp": 31,
    "total_fp": 3,
    "total_fn": 3,
    "avg_latency": 3.2720367193222044
  },
  "per_image": {
    "image_01.jpg": {
      "expected": 4,
      "extracted": 4,
      "tp": 2,
      "fp": 2,
      "fn": 2,
      "latency": 5.118898868560791
    },
    "image_02.jpg": {
      "expected": 1,
      "extracted": 1,
      "tp": 1,
      "fp": 0,
      "fn": 0,
      "latency": 2.1910574436187744
    },
    "image_03.jpg": {
      "expected": 3,
      "extracted": 3,
      "tp": 3,
      "fp": 0,
      "fn": 0,
      "latency": 1.4083514213562012
    },
    "image_04.jpg": {
      "expected": 7,
      "extracted": 7,
      "tp": 7,
      "fp": 0,
      "fn": 0,
      "latency": 2.296353340148926
    },
    "image_05.jpg": {
      "expected": 6,
      "extracted": 6,
      "tp": 6,
      "fp": 0,
      "fn": 0,
      "latency": 4.7021167278289795
    },
    "image_06.jpg": {
      "expected": 4,
      "extracted": 4,
      "tp": 4,
      "fp": 0,
      "fn": 0,
      "latency": 4.022948265075684
    },
    "image_07.jpg": {
      "expected": 3,
      "extracted": 3,
      "tp": 3,
      "fp": 0,
      "fn": 0,
      "latency": 4.668778896331787
    },
    "image_08.jpg": {
      "expected": 1,
      "extracted": 1,
      "tp": 0,
      "fp": 1,
      "fn": 1,
      "latency": 3.535912036895752
    },
    "image_09.jpg": {
      "expected": 1,
      "extracted": 1,
      "tp": 1,
      "fp": 0,
      "fn": 0,
      "latency": 1.9570081233978271
    },
    "image_10.jpg": {
      "expected": 4,
      "extracted": 4,
      "tp": 4,
      "fp": 0,
      "fn": 0,
      "latency": 2.818942070007324
    }
  }
}