{
  "config": {
    "model": "tngtech/deepseek-r1t2-chimera:free",
    "enhanced": true,
    "images_tested": 30
  },
  "metrics": {
    "precision": 0.7407407407407407,
    "recall": 0.7407407407407407,
    "f1": 0.7407407407407407,
    "total_tp": 40,
    "total_fp": 14,
    "total_fn": 14,
    "avg_latency": 4.1165509700775145
  },
  "classification_stats": {
    "PICK": 0,
    "PROMO": 0,
    "RECAP": 0,
    "DATA": 0,
    "UNKNOWN": 20
  }
}