{
  "config": {
    "model": "tngtech/deepseek-r1t2-chimera:free",
    "use_vision_ocr": true,
    "images_tested": 10
  },
  "metrics": {
    "precision": 0.9705882352941176,
    "recall": 0.9705882352941176,
    "f1": 0.9705882352941176,
    "total_tp": 33,
    "total_fp": 1,
    "total_fn": 1,
    "avg_latency": 23.97383108139038
  },
  "per_image": {
    "image_01.jpg": {
      "expected": 4,
      "extracted": 4,
      "tp": 4,
      "fp": 0,
      "fn": 0,
      "latency": 24.367076635360718
    },
    "image_02.jpg": {
      "expected": 1,
      "extracted": 1,
      "tp": 1,
      "fp": 0,
      "fn": 0,
      "latency": 10.56664752960205
    },
    "image_03.jpg": {
      "expected": 3,
      "extracted": 3,
      "tp": 2,
      "fp": 1,
      "fn": 1,
      "latency": 33.34027290344238
    },
    "image_04.jpg": {
      "expected": 7,
      "extracted": 7,
      "tp": 7,
      "fp": 0,
      "fn": 0,
      "latency": 28.683104515075684
    },
    "image_05.jpg": {
      "expected": 6,
      "extracted": 6,
      "tp": 6,
      "fp": 0,
      "fn": 0,
      "latency": 22.329080820083618
    },
    "image_06.jpg": {
      "expected": 4,
      "extracted": 4,
      "tp": 4,
      "fp": 0,
      "fn": 0,
      "latency": 40.510021448135376
    },
    "image_07.jpg": {
      "expected": 3,
      "extracted": 3,
      "tp": 3,
      "fp": 0,
      "fn": 0,
      "latency": 13.960179805755615
    },
    "image_08.jpg": {
      "expected": 1,
      "extracted": 1,
      "tp": 1,
      "fp": 0,
      "fn": 0,
      "latency": 25.409208059310913
    },
    "image_09.jpg": {
      "expected": 1,
      "extracted": 1,
      "tp": 1,
      "fp": 0,
      "fn": 0,
      "latency": 10.644226312637329
    },
    "image_10.jpg": {
      "expected": 4,
      "extracted": 4,
      "tp": 4,
      "fp": 0,
      "fn": 0,
      "latency": 29.928492784500122
    }
  }
}