{
  "config": {
    "model": "tngtech/deepseek-r1t2-chimera:free",
    "use_vision_ocr": true,
    "images_tested": 10
  },
  "metrics": {
    "precision": 0.9705882352941176,
    "recall": 0.9705882352941176,
    "f1": 0.9705882352941176,
    "total_tp": 33,
    "total_fp": 1,
    "total_fn": 1,
    "avg_latency": 3.4875874519348145
  },
  "per_image": {
    "image_01.jpg": {
      "expected": 4,
      "extracted": 4,
      "tp": 4,
      "fp": 0,
      "fn": 0,
      "latency": 3.643787384033203
    },
    "image_02.jpg": {
      "expected": 1,
      "extracted": 1,
      "tp": 1,
      "fp": 0,
      "fn": 0,
      "latency": 2.627840757369995
    },
    "image_03.jpg": {
      "expected": 3,
      "extracted": 3,
      "tp": 3,
      "fp": 0,
      "fn": 0,
      "latency": 1.567251443862915
    },
    "image_04.jpg": {
      "expected": 7,
      "extracted": 7,
      "tp": 7,
      "fp": 0,
      "fn": 0,
      "latency": 2.476526975631714
    },
    "image_05.jpg": {
      "expected": 6,
      "extracted": 6,
      "tp": 6,
      "fp": 0,
      "fn": 0,
      "latency": 5.210333824157715
    },
    "image_06.jpg": {
      "expected": 4,
      "extracted": 4,
      "tp": 4,
      "fp": 0,
      "fn": 0,
      "latency": 3.927213191986084
    },
    "image_07.jpg": {
      "expected": 3,
      "extracted": 3,
      "tp": 3,
      "fp": 0,
      "fn": 0,
      "latency": 5.278233051300049
    },
    "image_08.jpg": {
      "expected": 1,
      "extracted": 1,
      "tp": 0,
      "fp": 1,
      "fn": 1,
      "latency": 3.2840511798858643
    },
    "image_09.jpg": {
      "expected": 1,
      "extracted": 1,
      "tp": 1,
      "fp": 0,
      "fn": 0,
      "latency": 3.3580989837646484
    },
    "image_10.jpg": {
      "expected": 4,
      "extracted": 4,
      "tp": 4,
      "fp": 0,
      "fn": 0,
      "latency": 3.502537727355957
    }
  }
}