{
  "config": {
    "model": "tngtech/deepseek-r1t2-chimera:free",
    "use_vision_ocr": true,
    "images_tested": 5
  },
  "metrics": {
    "precision": 0.8095238095238095,
    "recall": 0.8095238095238095,
    "f1": 0.8095238095238095,
    "total_tp": 17,
    "total_fp": 4,
    "total_fn": 4,
    "avg_latency": 5.555227947235108
  },
  "per_image": {
    "image_01.jpg": {
      "expected": 4,
      "extracted": 4,
      "tp": 2,
      "fp": 2,
      "fn": 2,
      "latency": 4.02407169342041
    },
    "image_02.jpg": {
      "expected": 1,
      "extracted": 0,
      "tp": 0,
      "fp": 0,
      "fn": 1,
      "latency": 9.527280330657959
    },
    "image_03.jpg": {
      "expected": 3,
      "extracted": 3,
      "tp": 3,
      "fp": 0,
      "fn": 0,
      "latency": 4.382521152496338
    },
    "image_04.jpg": {
      "expected": 7,
      "extracted": 7,
      "tp": 6,
      "fp": 1,
      "fn": 1,
      "latency": 5.432651519775391
    },
    "image_05.jpg": {
      "expected": 6,
      "extracted": 7,
      "tp": 6,
      "fp": 1,
      "fn": 0,
      "latency": 4.4096150398254395
    }
  }
}