{
  "config": {
    "model": "tngtech/deepseek-r1t2-chimera:free",
    "use_vision_ocr": true,
    "images_tested": 10
  },
  "metrics": {
    "precision": 0.9117647058823529,
    "recall": 0.9117647058823529,
    "f1": 0.9117647058823528,
    "total_tp": 31,
    "total_fp": 3,
    "total_fn": 3,
    "avg_latency": 3.762580990791321
  },
  "per_image": {
    "image_01.jpg": {
      "expected": 4,
      "extracted": 4,
      "tp": 2,
      "fp": 2,
      "fn": 2,
      "latency": 4.4713990688323975
    },
    "image_02.jpg": {
      "expected": 1,
      "extracted": 1,
      "tp": 1,
      "fp": 0,
      "fn": 0,
      "latency": 2.5957632064819336
    },
    "image_03.jpg": {
      "expected": 3,
      "extracted": 3,
      "tp": 3,
      "fp": 0,
      "fn": 0,
      "latency": 1.6196506023406982
    },
    "image_04.jpg": {
      "expected": 7,
      "extracted": 7,
      "tp": 7,
      "fp": 0,
      "fn": 0,
      "latency": 2.4119749069213867
    },
    "image_05.jpg": {
      "expected": 6,
      "extracted": 6,
      "tp": 6,
      "fp": 0,
      "fn": 0,
      "latency": 4.559503793716431
    },
    "image_06.jpg": {
      "expected": 4,
      "extracted": 4,
      "tp": 4,
      "fp": 0,
      "fn": 0,
      "latency": 5.442734479904175
    },
    "image_07.jpg": {
      "expected": 3,
      "extracted": 3,
      "tp": 3,
      "fp": 0,
      "fn": 0,
      "latency": 4.0133445262908936
    },
    "image_08.jpg": {
      "expected": 1,
      "extracted": 1,
      "tp": 0,
      "fp": 1,
      "fn": 1,
      "latency": 3.827141761779785
    },
    "image_09.jpg": {
      "expected": 1,
      "extracted": 1,
      "tp": 1,
      "fp": 0,
      "fn": 0,
      "latency": 3.2097222805023193
    },
    "image_10.jpg": {
      "expected": 4,
      "extracted": 4,
      "tp": 4,
      "fp": 0,
      "fn": 0,
      "latency": 5.4745752811431885
    }
  }
}