{
  "timestamp": "2026-01-21T23:32:49.383288",
  "total_picks": 74,
  "old_system": {
    "graded": 67,
    "pending": 7,
    "coverage_pct": 90.54054054054055,
    "time_sec": 40.558878660202026
  },
  "new_system": {
    "graded": 63,
    "pending": 11,
    "coverage_pct": 85.13513513513513,
    "time_sec": 12.959850549697876
  },
  "improvement": {
    "graded_diff": -4,
    "coverage_diff_pct": -5.405405405405405,
    "time_diff_sec": -27.59902811050415
  }
}