{
  "timestamp": "2026-02-17T18:25:55.130077",
  "parser_accuracy": 1.0,
  "coverage": 0,
  "speed_ms": 0.15973377227783203
}