{
  "timestamp": "2026-01-21T23:22:42.334646",
  "parser_accuracy": 1.0,
  "coverage": 0,
  "speed_ms": 0.00102996826171875
}