{
  "google/gemini-2.0-flash-exp:free": {
    "f1": 0.9117647058823528,
    "precision": 0.9117647058823529,
    "recall": 0.9117647058823529,
    "avg_latency": 2.1628511905670167
  },
  "xiaomi/mimo-v2-flash:free": {
    "f1": 0.8571428571428571,
    "precision": 0.8571428571428571,
    "recall": 0.8571428571428571,
    "avg_latency": 8.037821006774902
  },
  "mistralai/devstral-2512:free": {
    "f1": 0.9047619047619048,
    "precision": 0.9047619047619048,
    "recall": 0.9047619047619048,
    "avg_latency": 21.238721990585326
  },
  "tngtech/deepseek-r1t2-chimera:free": {
    "f1": 0.975609756097561,
    "precision": 1.0,
    "recall": 0.9523809523809523,
    "avg_latency": 27.72684988975525
  },
  "nex-agi/deepseek-v3.1-nex-n1:free": {
    "f1": 0.7619047619047619,
    "precision": 0.7619047619047619,
    "recall": 0.7619047619047619,
    "avg_latency": 32.18969173431397
  },
  "nvidia/nemotron-3-nano-30b-a3b:free": {
    "f1": 0.8205128205128205,
    "precision": 0.8888888888888888,
    "recall": 0.7619047619047619,
    "avg_latency": 12.000867748260498
  },
  "nvidia/nemotron-nano-12b-v2-vl:free": {
    "f1": 0.8205128205128205,
    "precision": 0.8888888888888888,
    "recall": 0.7619047619047619,
    "avg_latency": 35.85472331047058
  },
  "z-ai/glm-4.5-air:free": {
    "f1": 0.9047619047619048,
    "precision": 0.9047619047619048,
    "recall": 0.9047619047619048,
    "avg_latency": 58.393896484375
  },
  "deepseek/deepseek-r1-0528:free": {
    "f1": 0.2857142857142857,
    "precision": 0.5714285714285714,
    "recall": 0.19047619047619047,
    "avg_latency": 54.10700297355652
  },
  "google/gemma-3-27b-it:free": {
    "f1": 0.9047619047619048,
    "precision": 0.9047619047619048,
    "recall": 0.9047619047619048,
    "avg_latency": 20.79669818878174
  },
  "meta-llama/llama-3.3-70b-instruct:free": {
    "f1": 0.9047619047619048,
    "precision": 0.9047619047619048,
    "recall": 0.9047619047619048,
    "avg_latency": 10.204149866104126
  },
  "openai/gpt-oss-120b:free": {
    "f1": 0.8571428571428571,
    "precision": 0.8571428571428571,
    "recall": 0.8571428571428571,
    "avg_latency": 13.034362506866454
  },
  "nousresearch/hermes-3-llama-3.1-405b:free": {
    "f1": 0.9047619047619048,
    "precision": 0.9047619047619048,
    "recall": 0.9047619047619048,
    "avg_latency": 30.61495695114136
  }
}